{
  "\uac00\ucc9c\ub300_ai\uacf5\ud559\uad00": [
    600.0, 610.0, 620.0, 630.0, 640.0, 650.0, 660.0, 670.0, 680.0, 690.0, 700.0,
    710.0, 720.0, 730.0, 740.0, 750.0, 760.0, 770.0, 780.0, 790.0, 800.0, 810.0,
    820.0, 830.0, 840.0, 850.0, 860.0, 870.0, 880.0, 890.0, 900.0, 910.0, 920.0,
    930.0, 940.0, 950.0, 960.0, 970.0, 980.0, 990.0, 1000.0, 1010.0, 1020.0,
    1030.0, 1040.0, 1050.0, 1060.0, 1070.0, 1080.0
  ],
  "\uac00\ucc9c\ub300_\ucd1d\ud559\uc0dd\ud68c": [
    600.8383333333334, 610.8383333333334, 620.8383333333334, 630.8383333333334,
    640.8383333333334, 650.8383333333334, 660.8383333333334, 670.8383333333334,
    680.8383333333334, 690.8383333333334, 700.8383333333334, 710.8383333333334,
    720.8383333333334, 730.8383333333334, 740.8383333333334, 750.8383333333334,
    760.8383333333334, 770.8383333333334, 780.8383333333334, 790.8383333333334,
    800.8383333333334, 810.8383333333334, 820.8383333333334, 830.8383333333334,
    840.8383333333334, 850.8383333333334, 860.8383333333334, 870.8383333333334,
    880.8383333333334, 890.8383333333334, 900.8383333333334, 910.8383333333334,
    920.8383333333334, 930.8383333333334, 940.8383333333334, 950.8383333333334,
    960.8383333333334, 970.8383333333334, 980.8383333333334, 990.8383333333334,
    1000.8383333333334, 1010.8383333333334, 1020.8383333333334,
    1030.8383333333334, 1040.8383333333334, 1050.8383333333334,
    1060.8383333333334, 1070.8383333333334, 1080.8383333333334
  ],
  "\uac00\ucc9c\ub300_\uc77c\ubc18\ub300\ud559\uc6d0": [
    602.5500000000001, 612.5500000000001, 622.5500000000001, 632.5500000000001,
    642.5500000000001, 652.5500000000001, 662.5500000000001, 672.5500000000001,
    682.5500000000001, 692.5500000000001, 702.5500000000001, 712.5500000000001,
    722.5500000000001, 732.5500000000001, 742.5500000000001, 752.5500000000001,
    762.5500000000001, 772.5500000000001, 782.5500000000001, 792.5500000000001,
    802.5500000000001, 812.5500000000001, 822.5500000000001, 832.5500000000001,
    842.5500000000001, 852.5500000000001, 862.5500000000001, 872.5500000000001,
    882.5500000000001, 892.5500000000001, 902.5500000000001, 912.5500000000001,
    922.5500000000001, 932.5500000000001, 942.5500000000001, 952.5500000000001,
    962.5500000000001, 972.5500000000001, 982.5500000000001, 992.5500000000001,
    1002.5500000000001, 1012.5500000000001, 1022.5500000000001,
    1032.5500000000002, 1042.5500000000002, 1052.5500000000002,
    1062.5500000000002, 1072.5500000000002, 1082.5500000000002
  ],
  "\uac00\ucc9c\ub300_\ubc18\ub3c4\uccb4\ub300\ud559": [
    604.0883333333334, 614.0883333333334, 624.0883333333334, 634.0883333333334,
    644.0883333333334, 654.0883333333334, 664.0883333333334, 674.0883333333334,
    684.0883333333334, 694.0883333333334, 704.0883333333334, 714.0883333333334,
    724.0883333333334, 734.0883333333334, 744.0883333333334, 754.0883333333334,
    764.0883333333334, 774.0883333333334, 784.0883333333334, 794.0883333333334,
    804.0883333333334, 814.0883333333334, 824.0883333333334, 834.0883333333334,
    844.0883333333334, 854.0883333333334, 864.0883333333334, 874.0883333333334,
    884.0883333333334, 894.0883333333334, 904.0883333333334, 914.0883333333334,
    924.0883333333334, 934.0883333333334, 944.0883333333334, 954.0883333333334,
    964.0883333333334, 974.0883333333334, 984.0883333333334, 994.0883333333334,
    1004.0883333333334, 1014.0883333333334, 1024.0883333333334,
    1034.0883333333334, 1044.0883333333334, 1054.0883333333334,
    1064.0883333333334, 1074.0883333333334, 1084.0883333333334
  ],
  "\uac00\ucc9c\ub300_\ud559\uc0dd\ud68c\uad00": [
    605.32, 615.32, 625.32, 635.32, 645.32, 655.32, 665.32, 675.32, 685.32,
    695.32, 705.32, 715.32, 725.32, 735.32, 745.32, 755.32, 765.32, 775.32,
    785.32, 795.32, 805.32, 815.32, 825.32, 835.32, 845.32, 855.32, 865.32,
    875.32, 885.32, 895.32, 905.32, 915.32, 925.32, 935.32, 945.32, 955.32,
    965.32, 975.32, 985.32, 995.32, 1005.32, 1015.32, 1025.3200000000002,
    1035.3200000000002, 1045.3200000000002, 1055.3200000000002,
    1065.3200000000002, 1075.3200000000002, 1085.3200000000002
  ],
  "\uac00\ucc9c\ub300_\uad50\uc721\ub300\ud559\uc6d0": [
    606.5350000000001, 616.5350000000001, 626.5350000000001, 636.5350000000001,
    646.5350000000001, 656.5350000000001, 666.5350000000001, 676.5350000000001,
    686.5350000000001, 696.5350000000001, 706.5350000000001, 716.5350000000001,
    726.5350000000001, 736.5350000000001, 746.5350000000001, 756.5350000000001,
    766.5350000000001, 776.5350000000001, 786.5350000000001, 796.5350000000001,
    806.5350000000001, 816.5350000000001, 826.5350000000001, 836.5350000000001,
    846.5350000000001, 856.5350000000001, 866.5350000000001, 876.5350000000001,
    886.5350000000001, 896.5350000000001, 906.5350000000001, 916.5350000000001,
    926.5350000000001, 936.5350000000001, 946.5350000000001, 956.5350000000001,
    966.5350000000001, 976.5350000000001, 986.5350000000001, 996.5350000000001,
    1006.5350000000001, 1016.5350000000001, 1026.535, 1036.535, 1046.535,
    1056.535, 1066.535, 1076.535, 1086.535
  ]
}
