{"\uac00\ucc9c\ub300_ai\uacf5\ud559\uad00": [127.133374, 37.455009], "\uac00\ucc9c\ub300_\ucd1d\ud559\uc0dd\ud68c": [127.133923, 37.453348], "\uac00\ucc9c\ub300_\uc77c\ubc18\ub300\ud559\uc6d0": [127.130112, 37.452589], "\uac00\ucc9c\ub300_\ubc18\ub3c4\uccb4\ub300\ud559": [127.127384, 37.45091], "\uac00\ucc9c\ub300_\ud559\uc0dd\ud68c\uad00": [127.130121, 37.450268], "\uac00\ucc9c\ub300_\uad50\uc721\ub300\ud559\uc6d0": [127.131698, 37.452066]}